0.5,0.33333,0.2,0.14286,0.090909,0.076923,0.058824,0.052632
0.25,0.66667,0.4,0.28571,0.18182,0.15385,0.11765,0.10526
0.75,0.11111,0.6,0.42857,0.27273,0.23077,0.17647,0.15789
0.125,0.44444,0.8,0.57143,0.36364,0.30769,0.23529,0.21053
0.625,0.77778,0.04,0.71429,0.45455,0.38462,0.29412,0.26316
0.375,0.22222,0.24,0.85714,0.54545,0.46154,0.35294,0.31579
0.875,0.55556,0.44,0.020408,0.63636,0.53846,0.41176,0.36842
0.0625,0.88889,0.64,0.16327,0.72727,0.61538,0.47059,0.42105
0.5625,0.037037,0.84,0.30612,0.81818,0.69231,0.52941,0.47368
0.3125,0.37037,0.08,0.44898,0.90909,0.76923,0.58824,0.52632
0.8125,0.7037,0.28,0.59184,0.0082645,0.84615,0.64706,0.57895
0.1875,0.14815,0.48,0.73469,0.099174,0.92308,0.70588,0.63158
0.6875,0.48148,0.68,0.87755,0.19008,0.0059172,0.76471,0.68421
0.4375,0.81481,0.88,0.040816,0.28099,0.08284,0.82353,0.73684
0.9375,0.25926,0.12,0.18367,0.3719,0.15976,0.88235,0.78947
0.03125,0.59259,0.32,0.32653,0.46281,0.23669,0.94118,0.84211
0.53125,0.92593,0.52,0.46939,0.55372,0.31361,0.0034602,0.89474
0.28125,0.074074,0.72,0.61224,0.64463,0.39053,0.062284,0.94737
0.78125,0.40741,0.92,0.7551,0.73554,0.46746,0.12111,0.0027701
0.15625,0.74074,0.16,0.89796,0.82645,0.54438,0.17993,0.055402
0.65625,0.18519,0.36,0.061224,0.91736,0.6213,0.23875,0.10803
0.40625,0.51852,0.56,0.20408,0.016529,0.69822,0.29758,0.16066
0.90625,0.85185,0.76,0.34694,0.10744,0.77515,0.3564,0.2133
0.09375,0.2963,0.96,0.4898,0.19835,0.85207,0.41522,0.26593
0.59375,0.62963,0.008,0.63265,0.28926,0.92899,0.47405,0.31856
0.34375,0.96296,0.208,0.77551,0.38017,0.011834,0.53287,0.37119
0.84375,0.012346,0.408,0.91837,0.47107,0.088757,0.5917,0.42382
0.21875,0.34568,0.608,0.081633,0.56198,0.16568,0.65052,0.47645
0.71875,0.67901,0.808,0.22449,0.65289,0.2426,0.70934,0.52909
0.46875,0.12346,0.048,0.36735,0.7438,0.31953,0.76817,0.58172
0.96875,0.45679,0.248,0.5102,0.83471,0.39645,0.82699,0.63435
0.015625,0.79012,0.448,0.65306,0.92562,0.47337,0.88581,0.68698
0.51562,0.23457,0.648,0.79592,0.024793,0.5503,0.94464,0.73961
0.26562,0.5679,0.848,0.93878,0.1157,0.62722,0.0069204,0.79224
0.76562,0.90123,0.088,0.10204,0.20661,0.70414,0.065744,0.84488
0.14062,0.049383,0.288,0.2449,0.29752,0.78107,0.12457,0.89751
0.64062,0.38272,0.488,0.38776,0.38843,0.85799,0.18339,0.95014
0.39062,0.71605,0.688,0.53061,0.47934,0.93491,0.24221,0.0055402
0.89062,0.16049,0.888,0.67347,0.57025,0.017751,0.30104,0.058172
0.078125,0.49383,0.128,0.81633,0.66116,0.094675,0.35986,0.1108
0.57812,0.82716,0.328,0.95918,0.75207,0.1716,0.41869,0.16343
0.32812,0.2716,0.528,0.12245,0.84298,0.24852,0.47751,0.21607
0.82812,0.60494,0.728,0.26531,0.93388,0.32544,0.53633,0.2687
0.20312,0.93827,0.928,0.40816,0.033058,0.40237,0.59516,0.32133
0.70312,0.08642,0.168,0.55102,0.12397,0.47929,0.65398,0.37396
0.45312,0.41975,0.368,0.69388,0.21488,0.55621,0.7128,0.42659
0.95312,0.75309,0.568,0.83673,0.30579,0.63314,0.77163,0.47922
0.046875,0.19753,0.768,0.97959,0.39669,0.71006,0.83045,0.53186
0.54688,0.53086,0.968,0.0029155,0.4876,0.78698,0.88927,0.58449
0.29688,0.8642,0.016,0.14577,0.57851,0.86391,0.9481,0.63712
0.79688,0.30864,0.216,0.28863,0.66942,0.94083,0.010381,0.68975
0.17188,0.64198,0.416,0.43149,0.76033,0.023669,0.069204,0.74238
0.67188,0.97531,0.616,0.57434,0.85124,0.10059,0.12803,0.79501
0.42188,0.024691,0.816,0.7172,0.94215,0.17751,0.18685,0.84765
0.92188,0.35802,0.056,0.86006,0.041322,0.25444,0.24567,0.90028
0.10938,0.69136,0.256,0.023324,0.13223,0.33136,0.3045,0.95291
0.60938,0.1358,0.456,0.16618,0.22314,0.40828,0.36332,0.0083102
0.35938,0.46914,0.656,0.30904,0.31405,0.48521,0.42215,0.060942
0.85938,0.80247,0.856,0.4519,0.40496,0.56213,0.48097,0.11357
0.23438,0.24691,0.096,0.59475,0.49587,0.63905,0.53979,0.1662
0.73438,0.58025,0.296,0.73761,0.58678,0.71598,0.59862,0.21884
0.48438,0.91358,0.496,0.88047,0.67769,0.7929,0.65744,0.27147
0.98438,0.061728,0.696,0.043732,0.7686,0.86982,0.71626,0.3241
0.0078125,0.39506,0.896,0.18659,0.8595,0.94675,0.77509,0.37673
0.50781,0.7284,0.136,0.32945,0.95041,0.029586,0.83391,0.42936
0.25781,0.17284,0.336,0.4723,0.049587,0.10651,0.89273,0.48199
0.75781,0.50617,0.536,0.61516,0.1405,0.18343,0.95156,0.53463
0.13281,0.83951,0.736,0.75802,0.2314,0.26036,0.013841,0.58726
0.63281,0.28395,0.936,0.90087,0.32231,0.33728,0.072664,0.63989
0.38281,0.61728,0.176,0.06414,0.41322,0.4142,0.13149,0.69252
0.88281,0.95062,0.376,0.207,0.50413,0.49112,0.19031,0.74515
0.070312,0.098765,0.576,0.34985,0.59504,0.56805,0.24913,0.79778
0.57031,0.4321,0.776,0.49271,0.68595,0.64497,0.30796,0.85042
0.32031,0.76543,0.976,0.63557,0.77686,0.72189,0.36678,0.90305
0.82031,0.20988,0.024,0.77843,0.86777,0.79882,0.42561,0.95568
0.19531,0.54321,0.224,0.92128,0.95868,0.87574,0.48443,0.01108
0.69531,0.87654,0.424,0.084548,0.057851,0.95266,0.54325,0.063712
0.44531,0.32099,0.624,0.22741,0.14876,0.035503,0.60208,0.11634
0.94531,0.65432,0.824,0.37026,0.23967,0.11243,0.6609,0.16898
0.039062,0.98765,0.064,0.51312,0.33058,0.18935,0.71972,0.22161
0.53906,0.0041152,0.264,0.65598,0.42149,0.26627,0.77855,0.27424
0.28906,0.33745,0.464,0.79883,0.5124,0.3432,0.83737,0.32687
0.78906,0.67078,0.664,0.94169,0.60331,0.42012,0.89619,0.3795
0.16406,0.11523,0.864,0.10496,0.69421,0.49704,0.95502,0.43213
0.66406,0.44856,0.104,0.24781,0.78512,0.57396,0.017301,0.48476
0.41406,0.78189,0.304,0.39067,0.87603,0.65089,0.076125,0.5374
0.91406,0.22634,0.504,0.53353,0.96694,0.72781,0.13495,0.59003
0.10156,0.55967,0.704,0.67638,0.066116,0.80473,0.19377,0.64266
0.60156,0.893,0.904,0.81924,0.15702,0.88166,0.2526,0.69529
0.35156,0.041152,0.144,0.9621,0.24793,0.95858,0.31142,0.74792
0.85156,0.37449,0.344,0.12536,0.33884,0.04142,0.37024,0.80055
0.22656,0.70782,0.544,0.26822,0.42975,0.11834,0.42907,0.85319
0.72656,0.15226,0.744,0.41108,0.52066,0.19527,0.48789,0.90582
0.47656,0.4856,0.944,0.55394,0.61157,0.27219,0.54671,0.95845
0.97656,0.81893,0.184,0.69679,0.70248,0.34911,0.60554,0.01385
0.023438,0.26337,0.384,0.83965,0.79339,0.42604,0.66436,0.066482
0.52344,0.59671,0.584,0.98251,0.8843,0.50296,0.72318,0.11911
0.27344,0.93004,0.784,0.0058309,0.97521,0.57988,0.78201,0.17175
0.77344,0.078189,0.984,0.14869,0.07438,0.6568,0.84083,0.22438
0.14844,0.41152,0.032,0.29155,0.16529,0.73373,0.89965,0.27701
0.64844,0.74486,0.232,0.4344,0.2562,0.81065,0.95848,0.32964
0.39844,0.1893,0.432,0.57726,0.34711,0.88757,0.020761,0.38227
0.89844,0.52263,0.632,0.72012,0.43802,0.9645,0.079585,0.4349
0.085938,0.85597,0.832,0.86297,0.52893,0.047337,0.13841,0.48753
0.58594,0.30041,0.072,0.026239,0.61983,0.12426,0.19723,0.54017
0.33594,0.63374,0.272,0.1691,0.71074,0.20118,0.25606,0.5928
0.83594,0.96708,0.472,0.31195,0.80165,0.27811,0.31488,0.64543
0.21094,0.016461,0.672,0.45481,0.89256,0.35503,0.3737,0.69806
0.71094,0.34979,0.872,0.59767,0.98347,0.43195,0.43253,0.75069
0.46094,0.68313,0.112,0.74052,0.082645,0.50888,0.49135,0.80332
0.96094,0.12757,0.312,0.88338,0.17355,0.5858,0.55017,0.85596
0.054688,0.46091,0.512,0.046647,0.26446,0.66272,0.609,0.90859
0.55469,0.79424,0.712,0.1895,0.35537,0.73964,0.66782,0.96122
0.30469,0.23868,0.912,0.33236,0.44628,0.81657,0.72664,0.01662
0.80469,0.57202,0.152,0.47522,0.53719,0.89349,0.78547,0.069252
0.17969,0.90535,0.352,0.61808,0.6281,0.97041,0.84429,0.12188
0.67969,0.053498,0.552,0.76093,0.71901,0.053254,0.90311,0.17452
0.42969,0.38683,0.752,0.90379,0.80992,0.13018,0.96194,0.22715
0.92969,0.72016,0.952,0.067055,0.90083,0.2071,0.024221,0.27978
0.11719,0.16461,0.192,0.20991,0.99174,0.28402,0.083045,0.33241
0.61719,0.49794,0.392,0.35277,0.00075131,0.36095,0.14187,0.38504
0.36719,0.83128,0.592,0.49563,0.09166,0.43787,0.20069,0.43767
0.86719,0.27572,0.792,0.63848,0.18257,0.51479,0.25952,0.4903
0.24219,0.60905,0.992,0.78134,0.27348,0.59172,0.31834,0.54294
0.74219,0.94239,0.0016,0.9242,0.36439,0.66864,0.37716,0.59557
0.49219,0.090535,0.2016,0.087464,0.4553,0.74556,0.43599,0.6482
0.99219,0.42387,0.4016,0.23032,0.54621,0.82249,0.49481,0.70083
0.0039062,0.7572,0.6016,0.37318,0.63711,0.89941,0.55363,0.75346
0.50391,0.20165,0.8016,0.51603,0.72802,0.97633,0.61246,0.80609
0.25391,0.53498,0.0416,0.65889,0.81893,0.059172,0.67128,0.85873
0.75391,0.86831,0.2416,0.80175,0.90984,0.13609,0.7301,0.91136
0.12891,0.31276,0.4416,0.94461,0.0090158,0.21302,0.78893,0.96399
0.62891,0.64609,0.6416,0.10787,0.099925,0.28994,0.84775,0.019391
0.37891,0.97942,0.8416,0.25073,0.19083,0.36686,0.90657,0.072022
0.87891,0.028807,0.0816,0.39359,0.28174,0.44379,0.9654,0.12465
0.066406,0.36214,0.2816,0.53644,0.37265,0.52071,0.027682,0.17729
0.56641,0.69547,0.4816,0.6793,0.46356,0.59763,0.086505,0.22992
0.31641,0.13992,0.6816,0.82216,0.55447,0.67456,0.14533,0.28255
0.81641,0.47325,0.8816,0.96501,0.64538,0.75148,0.20415,0.33518
0.19141,0.80658,0.1216,0.12828,0.73629,0.8284,0.26298,0.38781
0.69141,0.25103,0.3216,0.27114,0.8272,0.90533,0.3218,0.44044
0.44141,0.58436,0.5216,0.41399,0.91811,0.98225,0.38062,0.49307
0.94141,0.9177,0.7216,0.55685,0.01728,0.065089,0.43945,0.54571
0.035156,0.065844,0.9216,0.69971,0.10819,0.14201,0.49827,0.59834
0.53516,0.39918,0.1616,0.84257,0.1991,0.21893,0.55709,0.65097
0.28516,0.73251,0.3616,0.98542,0.29001,0.29586,0.61592,0.7036
0.78516,0.17695,0.5616,0.0087464,0.38092,0.37278,0.67474,0.75623
0.16016,0.51029,0.7616,0.1516,0.47183,0.4497,0.73356,0.80886
0.66016,0.84362,0.9616,0.29446,0.56273,0.52663,0.79239,0.8615
0.41016,0.28807,0.0096,0.43732,0.65364,0.60355,0.85121,0.91413
0.91016,0.6214,0.2096,0.58017,0.74455,0.68047,0.91003,0.96676
0.097656,0.95473,0.4096,0.72303,0.83546,0.7574,0.96886,0.022161
0.59766,0.10288,0.6096,0.86589,0.92637,0.83432,0.031142,0.074792
0.34766,0.43621,0.8096,0.029155,0.025545,0.91124,0.089965,0.12742
0.84766,0.76955,0.0496,0.17201,0.11645,0.98817,0.14879,0.18006
0.22266,0.21399,0.2496,0.31487,0.20736,0.071006,0.20761,0.23269
0.72266,0.54733,0.4496,0.45773,0.29827,0.14793,0.26644,0.28532
0.47266,0.88066,0.6496,0.60058,0.38918,0.22485,0.32526,0.33795
0.97266,0.3251,0.8496,0.74344,0.48009,0.30178,0.38408,0.39058
0.019531,0.65844,0.0896,0.8863,0.571,0.3787,0.44291,0.44321
0.51953,0.99177,0.2896,0.049563,0.66191,0.45562,0.50173,0.49584
0.26953,0.0082305,0.4896,0.19242,0.75282,0.53254,0.56055,0.54848
0.76953,0.34156,0.6896,0.33528,0.84373,0.60947,0.61938,0.60111
0.14453,0.6749,0.8896,0.47813,0.93464,0.68639,0.6782,0.65374
0.64453,0.11934,0.1296,0.62099,0.033809,0.76331,0.73702,0.70637
0.39453,0.45267,0.3296,0.76385,0.12472,0.84024,0.79585,0.759
0.89453,0.78601,0.5296,0.90671,0.21563,0.91716,0.85467,0.81163
0.082031,0.23045,0.7296,0.069971,0.30654,0.99408,0.91349,0.86427
0.58203,0.56379,0.9296,0.21283,0.39745,0.00045517,0.97232,0.9169
0.33203,0.89712,0.1696,0.35569,0.48835,0.077378,0.034602,0.96953
0.83203,0.045267,0.3696,0.49854,0.57926,0.1543,0.093426,0.024931
0.20703,0.3786,0.5696,0.6414,0.67017,0.23122,0.15225,0.077562
0.70703,0.71193,0.7696,0.78426,0.76108,0.30815,0.21107,0.13019
0.45703,0.15638,0.9696,0.92711,0.85199,0.38507,0.2699,0.18283
0.95703,0.48971,0.0176,0.090379,0.9429,0.46199,0.32872,0.23546
0.050781,0.82305,0.2176,0.23324,0.042074,0.53892,0.38754,0.28809
0.55078,0.26749,0.4176,0.37609,0.13298,0.61584,0.44637,0.34072
0.30078,0.60082,0.6176,0.51895,0.22389,0.69276,0.50519,0.39335
0.80078,0.93416,0.8176,0.66181,0.3148,0.76969,0.56401,0.44598
0.17578,0.082305,0.0576,0.80466,0.40571,0.84661,0.62284,0.49861
0.67578,0.41564,0.2576,0.94752,0.49662,0.92353,0.68166,0.55125
0.42578,0.74897,0.4576,0.11079,0.58753,0.0063723,0.74048,0.60388
0.92578,0.19342,0.6576,0.25364,0.67844,0.083295,0.79931,0.65651
0.11328,0.52675,0.8576,0.3965,0.76935,0.16022,0.85813,0.70914
0.61328,0.86008,0.0976,0.53936,0.86026,0.23714,0.91696,0.76177
0.36328,0.30453,0.2976,0.68222,0.95116,0.31406,0.97578,0.8144
0.86328,0.63786,0.4976,0.82507,0.050338,0.39099,0.038062,0.86704
0.23828,0.97119,0.6976,0.96793,0.14125,0.46791,0.096886,0.91967
0.73828,0.020576,0.8976,0.1312,0.23216,0.54483,0.15571,0.9723
0.48828,0.35391,0.1376,0.27405,0.32307,0.62176,0.21453,0.027701
0.98828,0.68724,0.3376,0.41691,0.41397,0.69868,0.27336,0.080332
0.011719,0.13169,0.5376,0.55977,0.50488,0.7756,0.33218,0.13296
0.51172,0.46502,0.7376,0.70262,0.59579,0.85253,0.391,0.1856
0.26172,0.79835,0.9376,0.84548,0.6867,0.92945,0.44983,0.23823
0.76172,0.2428,0.1776,0.98834,0.77761,0.012289,0.50865,0.29086
0.13672,0.57613,0.3776,0.011662,0.86852,0.089213,0.56747,0.34349
0.63672,0.90947,0.5776,0.15452,0.95943,0.16614,0.6263,0.39612
0.38672,0.057613,0.7776,0.29738,0.058603,0.24306,0.68512,0.44875
0.88672,0.39095,0.9776,0.44023,0.14951,0.31998,0.74394,0.50139
0.074219,0.72428,0.0256,0.58309,0.24042,0.3969,0.80277,0.55402
0.57422,0.16872,0.2256,0.72595,0.33133,0.47383,0.86159,0.60665
0.32422,0.50206,0.4256,0.8688,0.42224,0.55075,0.92042,0.65928
0.82422,0.83539,0.6256,0.03207,0.51315,0.62767,0.97924,0.71191
0.19922,0.27984,0.8256,0.17493,0.60406,0.7046,0.041522,0.76454
0.69922,0.61317,0.0656,0.31778,0.69497,0.78152,0.10035,0.81717
0.44922,0.9465,0.2656,0.46064,0.78588,0.85844,0.15917,0.86981
0.94922,0.09465,0.4656,0.6035,0.87678,0.93537,0.21799,0.92244
0.042969,0.42798,0.6656,0.74636,0.96769,0.018207,0.27682,0.97507
0.54297,0.76132,0.8656,0.88921,0.066867,0.09513,0.33564,0.030471
0.29297,0.20576,0.1056,0.052478,0.15778,0.17205,0.39446,0.083102
0.79297,0.53909,0.3056,0.19534,0.24869,0.24898,0.45329,0.13573
0.16797,0.87243,0.5056,0.33819,0.33959,0.3259,0.51211,0.18837
0.66797,0.31687,0.7056,0.48105,0.4305,0.40282,0.57093,0.241
0.41797,0.65021,0.9056,0.62391,0.52141,0.47975,0.62976,0.29363
0.91797,0.98354,0.1456,0.76676,0.61232,0.55667,0.68858,0.34626
0.10547,0.032922,0.3456,0.90962,0.70323,0.63359,0.7474,0.39889
0.60547,0.36626,0.5456,0.072886,0.79414,0.71051,0.80623,0.45152
0.35547,0.69959,0.7456,0.21574,0.88505,0.78744,0.86505,0.50416
0.85547,0.14403,0.9456,0.3586,0.97596,0.86436,0.92388,0.55679
0.23047,0.47737,0.1856,0.50146,0.075131,0.94128,0.9827,0.60942
0.73047,0.8107,0.3856,0.64431,0.16604,0.024124,0.044983,0.66205
0.48047,0.25514,0.5856,0.78717,0.25695,0.10105,0.10381,0.71468
0.98047,0.58848,0.7856,0.93003,0.34786,0.17797,0.16263,0.76731
0.027344,0.92181,0.9856,0.093294,0.43877,0.25489,0.22145,0.81994
0.52734,0.069959,0.0336,0.23615,0.52968,0.33182,0.28028,0.87258
0.27734,0.40329,0.2336,0.37901,0.62059,0.40874,0.3391,0.92521
0.77734,0.73663,0.4336,0.52187,0.7115,0.48566,0.39792,0.97784
0.15234,0.18107,0.6336,0.66472,0.8024,0.56259,0.45675,0.033241
0.65234,0.5144,0.8336,0.80758,0.89331,0.63951,0.51557,0.085873
0.40234,0.84774,0.0736,0.95044,0.98422,0.71643,0.57439,0.1385
0.90234,0.29218,0.2736,0.1137,0.083396,0.79335,0.63322,0.19114
0.089844,0.62551,0.4736,0.25656,0.17431,0.87028,0.69204,0.24377
0.58984,0.95885,0.6736,0.39942,0.26521,0.9472,0.75087,0.2964
0.33984,0.107,0.8736,0.54227,0.35612,0.030041,0.80969,0.34903
0.83984,0.44033,0.1136,0.68513,0.44703,0.10696,0.86851,0.40166
0.21484,0.77366,0.3136,0.82799,0.53794,0.18389,0.92734,0.45429
0.71484,0.21811,0.5136,0.97085,0.62885,0.26081,0.98616,0.50693
0.46484,0.55144,0.7136,0.13411,0.71976,0.33773,0.048443,0.55956
0.96484,0.88477,0.9136,0.27697,0.81067,0.41466,0.10727,0.61219
0.058594,0.32922,0.1536,0.41983,0.90158,0.49158,0.16609,0.66482
0.55859,0.66255,0.3536,0.56268,0.99249,0.5685,0.22491,0.71745
0.30859,0.99588,0.5536,0.70554,0.0015026,0.64543,0.28374,0.77008
0.80859,0.0013717,0.7536,0.8484,0.092412,0.72235,0.34256,0.82271
0.18359,0.33471,0.9536,0.99125,0.18332,0.79927,0.40138,0.87535
0.68359,0.66804,0.1936,0.014577,0.27423,0.87619,0.46021,0.92798
0.43359,0.11248,0.3936,0.15743,0.36514,0.95312,0.51903,0.98061
0.93359,0.44582,0.5936,0.30029,0.45605,0.035958,0.57785,0.036011
0.12109,0.77915,0.7936,0.44315,0.54696,0.11288,0.63668,0.088643
0.62109,0.22359,0.9936,0.58601,0.63787,0.1898,0.6955,0.14127
0.37109,0.55693,0.0032,0.72886,0.72878,0.26673,0.75433,0.19391
0.87109,0.89026,0.2032,0.87172,0.81968,0.34365,0.81315,0.24654
0.24609,0.038409,0.4032,0.034985,0.91059,0.42057,0.87197,0.29917
0.74609,0.37174,0.6032,0.17784,0.0097671,0.4975,0.9308,0.3518
0.49609,0.70508,0.8032,0.3207,0.10068,0.57442,0.98962,0.40443
0.99609,0.14952,0.0432,0.46356,0.19159,0.65134,0.051903,0.45706
0.0019531,0.48285,0.2432,0.60641,0.28249,0.72827,0.11073,0.5097
0.50195,0.81619,0.4432,0.74927,0.3734,0.80519,0.16955,0.56233
0.25195,0.26063,0.6432,0.89213,0.46431,0.88211,0.22837,0.61496
0.75195,0.59396,0.8432,0.055394,0.55522,0.95904,0.2872,0.66759
0.12695,0.9273,0.0832,0.19825,0.64613,0.041875,0.34602,0.72022
0.62695,0.075446,0.2832,0.34111,0.73704,0.1188,0.40484,0.77285
0.37695,0.40878,0.4832,0.48397,0.82795,0.19572,0.46367,0.82548
0.87695,0.74211,0.6832,0.62682,0.91886,0.27264,0.52249,0.87812
0.064453,0.18656,0.8832,0.76968,0.018032,0.34957,0.58131,0.93075
0.56445,0.51989,0.1232,0.91254,0.10894,0.42649,0.64014,0.98338
0.31445,0.85322,0.3232,0.075802,0.19985,0.50341,0.69896,0.038781
0.81445,0.29767,0.5232,0.21866,0.29076,0.58034,0.75779,0.091413
0.18945,0.631,0.7232,0.36152,0.38167,0.65726,0.81661,0.14404
0.68945,0.96433,0.9232,0.50437,0.47258,0.73418,0.87543,0.19668
0.43945,0.013717,0.1632,0.64723,0.56349,0.81111,0.93426,0.24931
0.93945,0.34705,0.3632,0.79009,0.6544,0.88803,0.99308,0.30194
0.033203,0.68038,0.5632,0.93294,0.7453,0.96495,0.055363,0.35457
0.5332,0.12483,0.7632,0.09621,0.83621,0.047792,0.11419,0.4072
0.2832,0.45816,0.9632,0.23907,0.92712,0.12472,0.17301,0.45983
0.7832,0.7915,0.0112,0.38192,0.026296,0.20164,0.23183,0.51247
0.1582,0.23594,0.2112,0.52478,0.11721,0.27856,0.29066,0.5651
0.6582,0.56927,0.4112,0.66764,0.20811,0.35548,0.34948,0.61773
0.4082,0.90261,0.6112,0.8105,0.29902,0.43241,0.4083,0.67036
0.9082,0.050754,0.8112,0.95335,0.38993,0.50933,0.46713,0.72299
0.095703,0.38409,0.0512,0.11662,0.48084,0.58625,0.52595,0.77562
0.5957,0.71742,0.2512,0.25948,0.57175,0.66318,0.58478,0.82825
0.3457,0.16187,0.4512,0.40233,0.66266,0.7401,0.6436,0.88089
0.8457,0.4952,0.6512,0.54519,0.75357,0.81702,0.70242,0.93352
0.2207,0.82853,0.8512,0.68805,0.84448,0.89395,0.76125,0.98615
0.7207,0.27298,0.0912,0.8309,0.93539,0.97087,0.82007,0.041551
0.4707,0.60631,0.2912,0.97376,0.03456,0.05371,0.87889,0.094183
0.9707,0.93964,0.4912,0.13703,0.12547,0.13063,0.93772,0.14681
0.017578,0.087791,0.6912,0.27988,0.21638,0.20756,0.99654,0.19945
0.51758,0.42112,0.8912,0.42274,0.30729,0.28448,0.00020354,0.25208
0.26758,0.75446,0.1312,0.5656,0.3982,0.3614,0.059027,0.30471
0.76758,0.1989,0.3312,0.70845,0.48911,0.43832,0.11785,0.35734
0.14258,0.53224,0.5312,0.85131,0.58002,0.51525,0.17667,0.40997
0.64258,0.86557,0.7312,0.99417,0.67092,0.59217,0.2355,0.4626
0.39258,0.31001,0.9312,0.017493,0.76183,0.66909,0.29432,0.51524
0.89258,0.64335,0.1712,0.16035,0.85274,0.74602,0.35314,0.56787
0.080078,0.97668,0.3712,0.30321,0.94365,0.82294,0.41197,0.6205
0.58008,0.026063,0.5712,0.44606,0.042825,0.89986,0.47079,0.67313
0.33008,0.3594,0.7712,0.58892,0.13373,0.97679,0.52962,0.72576
0.83008,0.69273,0.9712,0.73178,0.22464,0.059627,0.58844,0.77839
0.20508,0.13717,0.0192,0.87464,0.31555,0.13655,0.64726,0.83102
0.70508,0.47051,0.2192,0.037901,0.40646,0.21347,0.70609,0.88366
0.45508,0.80384,0.4192,0.18076,0.49737,0.2904,0.76491,0.93629
0.95508,0.24829,0.6192,0.32362,0.58828,0.36732,0.82373,0.98892
0.048828,0.58162,0.8192,0.46647,0.67919,0.44424,0.88256,0.044321
0.54883,0.91495,0.0592,0.60933,0.7701,0.52117,0.94138,0.096953
0.29883,0.0631,0.2592,0.75219,0.86101,0.59809,0.0036637,0.14958
0.79883,0.39643,0.4592,0.89504,0.95192,0.67501,0.062487,0.20222
0.17383,0.72977,0.6592,0.058309,0.051089,0.75193,0.12131,0.25485
0.67383,0.17421,0.8592,0.20117,0.142,0.82886,0.18013,0.30748
0.42383,0.50754,0.0992,0.34402,0.23291,0.90578,0.23896,0.36011
0.92383,0.84088,0.2992,0.48688,0.32382,0.9827,0.29778,0.41274
0.11133,0.28532,0.4992,0.62974,0.41473,0.065544,0.3566,0.46537
0.61133,0.61866,0.6992,0.77259,0.50563,0.14247,0.41543,0.51801
0.36133,0.95199,0.8992,0.91545,0.59654,0.21939,0.47425,0.57064
0.86133,0.10014,0.1392,0.078717,0.68745,0.29631,0.53308,0.62327
0.23633,0.43347,0.3392,0.22157,0.77836,0.37324,0.5919,0.6759
0.73633,0.7668,0.5392,0.36443,0.86927,0.45016,0.65072,0.72853
0.48633,0.21125,0.7392,0.50729,0.96018,0.52708,0.70955,0.78116
0.98633,0.54458,0.9392,0.65015,0.059354,0.60401,0.76837,0.8338
0.0097656,0.87791,0.1792,0.793,0.15026,0.68093,0.82719,0.88643
0.50977,0.32236,0.3792,0.93586,0.24117,0.75785,0.88602,0.93906
0.25977,0.65569,0.5792,0.099125,0.33208,0.83477,0.94484,0.99169
0.75977,0.98903,0.7792,0.24198,0.42299,0.9117,0.007124,0.047091
0.13477,0.005487,0.9792,0.38484,0.5139,0.98862,0.065947,0.099723
0.63477,0.33882,0.0272,0.5277,0.60481,0.071461,0.12477,0.15235
0.38477,0.67215,0.2272,0.67055,0.69572,0.14838,0.18359,0.20499
0.88477,0.1166,0.4272,0.81341,0.78663,0.22531,0.24242,0.25762
0.072266,0.44993,0.6272,0.95627,0.87754,0.30223,0.30124,0.31025
0.57227,0.78326,0.8272,0.11953,0.96844,0.37915,0.36007,0.36288
0.32227,0.22771,0.0672,0.26239,0.067618,0.45608,0.41889,0.41551
0.82227,0.56104,0.2672,0.40525,0.15853,0.533,0.47771,0.46814
0.19727,0.89438,0.4672,0.5481,0.24944,0.60992,0.53654,0.52078
0.69727,0.042524,0.6672,0.69096,0.34035,0.68685,0.59536,0.57341
0.44727,0.37586,0.8672,0.83382,0.43125,0.76377,0.65418,0.62604
0.94727,0.70919,0.1072,0.97668,0.52216,0.84069,0.71301,0.67867
0.041016,0.15364,0.3072,0.13994,0.61307,0.91761,0.77183,0.7313
0.54102,0.48697,0.5072,0.2828,0.70398,0.99454,0.83065,0.78393
0.29102,0.8203,0.7072,0.42566,0.79489,0.00091033,0.88948,0.83657
0.79102,0.26475,0.9072,0.56851,0.8858,0.077833,0.9483,0.8892
0.16602,0.59808,0.1472,0.71137,0.97671,0.15476,0.010584,0.94183
0.66602,0.93141,0.3472,0.85423,0.075883,0.23168,0.069408,0.99446
0.41602,0.079561,0.5472,0.99708,0.16679,0.3086,0.12823,0.049861
0.91602,0.41289,0.7472,0.00041649,0.2577,0.38553,0.18705,0.10249
0.10352,0.74623,0.9472,0.14327,0.34861,0.46245,0.24588,0.15512
0.60352,0.19067,0.1872,0.28613,0.43952,0.53937,0.3047,0.20776
0.35352,0.52401,0.3872,0.42899,0.53043,0.61629,0.36353,0.26039
0.85352,0.85734,0.5872,0.57185,0.62134,0.69322,0.42235,0.31302
0.22852,0.30178,0.7872,0.7147,0.71225,0.77014,0.48117,0.36565
0.72852,0.63512,0.9872,0.85756,0.80316,0.84706,0.54,0.41828
0.47852,0.96845,0.0352,0.020825,0.89406,0.92399,0.59882,0.47091
0.97852,0.017833,0.2352,0.16368,0.98497,0.0068275,0.65764,0.52355
0.025391,0.35117,0.4352,0.30654,0.084147,0.083751,0.71647,0.57618
0.52539,0.6845,0.6352,0.4494,0.17506,0.16067,0.77529,0.62881
0.27539,0.12894,0.8352,0.59225,0.26597,0.2376,0.83411,0.68144
0.77539,0.46228,0.0752,0.73511,0.35687,0.31452,0.89294,0.73407
0.15039,0.79561,0.2752,0.87797,0.44778,0.39144,0.95176,0.7867
0.65039,0.24005,0.4752,0.041233,0.53869,0.46837,0.014044,0.83934
0.40039,0.57339,0.6752,0.18409,0.6296,0.54529,0.072868,0.89197
0.90039,0.90672,0.8752,0.32695,0.72051,0.62221,0.13169,0.9446
0.087891,0.05487,0.1152,0.4698,0.81142,0.69914,0.19051,0.99723
0.58789,0.3882,0.3152,0.61266,0.90233,0.77606,0.24934,0.00014579
0.33789,0.72154,0.5152,0.75552,0.99324,0.85298,0.30816,0.052777
0.83789,0.16598,0.7152,0.89838,0.0022539,0.9299,0.36699,0.10541
0.21289,0.49931,0.9152,0.061641,0.093163,0.012745,0.42581,0.15804
0.71289,0.83265,0.1552,0.2045,0.18407,0.089668,0.48463,0.21067
0.46289,0.27709,0.3552,0.34736,0.27498,0.16659,0.54346,0.2633
0.96289,0.61043,0.5552,0.49021,0.36589,0.24351,0.60228,0.31594
0.056641,0.94376,0.7552,0.63307,0.4568,0.32044,0.6611,0.36857
0.55664,0.091907,0.9552,0.77593,0.54771,0.39736,0.71993,0.4212
0.30664,0.42524,0.1952,0.91878,0.63862,0.47428,0.77875,0.47383
0.80664,0.75857,0.3952,0.082049,0.72953,0.55121,0.83757,0.52646
0.18164,0.20302,0.5952,0.22491,0.82044,0.62813,0.8964,0.57909
0.68164,0.53635,0.7952,0.36776,0.91134,0.70505,0.95522,0.63172
0.43164,0.86968,0.9952,0.51062,0.010518,0.78198,0.017505,0.68436
0.93164,0.31413,0.0048,0.65348,0.10143,0.8589,0.076328,0.73699
0.11914,0.64746,0.2048,0.79633,0.19234,0.93582,0.13515,0.78962
0.61914,0.9808,0.4048,0.93919,0.28325,0.018662,0.19398,0.84225
0.36914,0.030178,0.6048,0.10246,0.37415,0.095585,0.2528,0.89488
0.86914,0.36351,0.8048,0.24531,0.46506,0.17251,0.31162,0.94751
0.24414,0.69684,0.0448,0.38817,0.55597,0.24943,0.37045,0.0029159
0.74414,0.14129,0.2448,0.53103,0.64688,0.32635,0.42927,0.055547
0.49414,0.47462,0.4448,0.67389,0.73779,0.40328,0.48809,0.10818
0.99414,0.80796,0.6448,0.81674,0.8287,0.4802,0.54692,0.16081
0.0058594,0.2524,0.8448,0.9596,0.91961,0.55712,0.60574,0.21344
0.50586,0.58573,0.0848,0.12287,0.018783,0.63405,0.66456,0.26607
0.25586,0.91907,0.2848,0.26572,0.10969,0.71097,0.72339,0.31871
0.75586,0.067215,0.4848,0.40858,0.2006,0.78789,0.78221,0.37134
0.13086,0.40055,0.6848,0.55144,0.29151,0.86482,0.84103,0.42397
0.63086,0.73388,0.8848,0.69429,0.38242,0.94174,0.89986,0.4766
0.38086,0.17833,0.1248,0.83715,0.47333,0.024579,0.95868,0.52923
0.88086,0.51166,0.3248,0.98001,0.56424,0.1015,0.020965,0.58186
0.068359,0.84499,0.5248,0.0033319,0.65515,0.17843,0.079788,0.63449
0.56836,0.28944,0.7248,0.14619,0.74606,0.25535,0.13861,0.68713
0.31836,0.62277,0.9248,0.28905,0.83696,0.33227,0.19744,0.73976
0.81836,0.9561,0.1648,0.4319,0.92787,0.40919,0.25626,0.79239
0.19336,0.10425,0.3648,0.57476,0.027047,0.48612,0.31508,0.84502
0.69336,0.43759,0.5648,0.71762,0.11796,0.56304,0.37391,0.89765
0.44336,0.77092,0.7648,0.86047,0.20887,0.63996,0.43273,0.95028
0.94336,0.21536,0.9648,0.02374,0.29977,0.71689,0.49155,0.005686
0.037109,0.5487,0.0128,0.1666,0.39068,0.79381,0.55038,0.058318
0.53711,0.88203,0.2128,0.30945,0.48159,0.87073,0.6092,0.11095
0.28711,0.32647,0.4128,0.45231,0.5725,0.94766,0.66802,0.16358
0.78711,0.65981,0.6128,0.59517,0.66341,0.030496,0.72685,0.21621
0.16211,0.99314,0.8128,0.73803,0.75432,0.10742,0.78567,0.26884
0.66211,0.0096022,0.0528,0.88088,0.84523,0.18434,0.84449,0.32148
0.41211,0.34294,0.2528,0.044148,0.93614,0.26127,0.90332,0.37411
0.91211,0.67627,0.4528,0.18701,0.035312,0.33819,0.96214,0.42674
0.099609,0.12071,0.6528,0.32986,0.12622,0.41511,0.024425,0.47937
0.59961,0.45405,0.8528,0.47272,0.21713,0.49203,0.083249,0.532
0.34961,0.78738,0.0928,0.61558,0.30804,0.56896,0.14207,0.58463
0.84961,0.23182,0.2928,0.75843,0.39895,0.64588,0.2009,0.63726
0.22461,0.56516,0.4928,0.90129,0.48986,0.7228,0.25972,0.6899
0.72461,0.89849,0.6928,0.064556,0.58077,0.79973,0.31854,0.74253
0.47461,0.046639,0.8928,0.20741,0.67168,0.87665,0.37737,0.79516
0.97461,0.37997,0.1328,0.35027,0.76258,0.95357,0.43619,0.84779
0.021484,0.71331,0.3328,0.49313,0.85349,0.036413,0.49501,0.90042
0.52148,0.15775,0.5328,0.63599,0.9444,0.11334,0.55384,0.95305
0.27148,0.49108,0.7328,0.77884,0.043576,0.19026,0.61266,0.008456
0.77148,0.82442,0.9328,0.9217,0.13449,0.26718,0.67148,0.061088
0.14648,0.26886,0.1728,0.084965,0.22539,0.34411,0.73031,0.11372
0.64648,0.60219,0.3728,0.22782,0.3163,0.42103,0.78913,0.16635
0.39648,0.93553,0.5728,0.37068,0.40721,0.49795,0.84795,0.21898
0.89648,0.083676,0.7728,0.51354,0.49812,0.57487,0.90678,0.27161
0.083984,0.41701,0.9728,0.65639,0.58903,0.6518,0.9656,0.32425
0.58398,0.75034,0.0208,0.79925,0.67994,0.72872,0.027885,0.37688
0.33398,0.19479,0.2208,0.94211,0.77085,0.80564,0.086709,0.42951
0.83398,0.52812,0.4208,0.10537,0.86176,0.88257,0.14553,0.48214
0.20898,0.86145,0.6208,0.24823,0.95267,0.95949,0.20436,0.53477
0.70898,0.3059,0.8208,0.39109,0.051841,0.04233,0.26318,0.5874
0.45898,0.63923,0.0608,0.53394,0.14275,0.11925,0.322,0.64003
0.95898,0.97257,0.2608,0.6768,0.23366,0.19618,0.38083,0.69267
0.052734,0.021948,0.4608,0.81966,0.32457,0.2731,0.43965,0.7453
0.55273,0.35528,0.6608,0.96252,0.41548,0.35002,0.49847,0.79793
0.30273,0.68861,0.8608,0.12578,0.50639,0.42695,0.5573,0.85056
0.80273,0.13306,0.1008,0.26864,0.5973,0.50387,0.61612,0.90319
0.17773,0.46639,0.3008,0.4115,0.6882,0.58079,0.67494,0.95582
0.67773,0.79973,0.5008,0.55435,0.77911,0.65772,0.73377,0.011226
0.42773,0.24417,0.7008,0.69721,0.87002,0.73464,0.79259,0.063858
0.92773,0.5775,0.9008,0.84007,0.96093,0.81156,0.85141,0.11649
0.11523,0.91084,0.1408,0.98292,0.060105,0.88848,0.91024,0.16912
0.61523,0.058985,0.3408,0.0062474,0.15101,0.96541,0.96906,0.22175
0.36523,0.39232,0.5408,0.1491,0.24192,0.048248,0.031345,0.27438
0.86523,0.72565,0.7408,0.29196,0.33283,0.12517,0.090169,0.32702
0.24023,0.1701,0.9408,0.43482,0.42374,0.20209,0.14899,0.37965
0.74023,0.50343,0.1808,0.57768,0.51465,0.27902,0.20782,0.43228
0.49023,0.83676,0.3808,0.72053,0.60556,0.35594,0.26664,0.48491
0.99023,0.28121,0.5808,0.86339,0.69647,0.43286,0.32546,0.53754
0.013672,0.61454,0.7808,0.026656,0.78738,0.50979,0.38429,0.59017
0.51367,0.94787,0.9808,0.16951,0.87829,0.58671,0.44311,0.64281
0.26367,0.096022,0.0288,0.31237,0.9692,0.66363,0.50193,0.69544
0.76367,0.42936,0.2288,0.45523,0.06837,0.74056,0.56076,0.74807
0.13867,0.76269,0.4288,0.59808,0.15928,0.81748,0.61958,0.8007
0.63867,0.20713,0.6288,0.74094,0.25019,0.8944,0.6784,0.85333
0.38867,0.54047,0.8288,0.8838,0.3411,0.97132,0.73723,0.90596
0.88867,0.8738,0.0688,0.047064,0.43201,0.054165,0.79605,0.95859
0.076172,0.31824,0.2688,0.18992,0.52292,0.13109,0.85487,0.013996
0.57617,0.65158,0.4688,0.33278,0.61382,0.20801,0.9137,0.066628
0.32617,0.98491,0.6688,0.47564,0.70473,0.28493,0.97252,0.11926
0.82617,0.034294,0.8688,0.61849,0.79564,0.36186,0.034806,0.17189
0.20117,0.36763,0.1088,0.76135,0.88655,0.43878,0.093629,0.22452
0.70117,0.70096,0.3088,0.90421,0.97746,0.5157,0.15245,0.27715
0.45117,0.1454,0.5088,0.067472,0.076634,0.59263,0.21128,0.32979
0.95117,0.47874,0.7088,0.21033,0.16754,0.66955,0.2701,0.38242
0.044922,0.81207,0.9088,0.35319,0.25845,0.74647,0.32892,0.43505
0.54492,0.25652,0.1488,0.49604,0.34936,0.8234,0.38775,0.48768
0.29492,0.58985,0.3488,0.6389,0.44027,0.90032,0.44657,0.54031
0.79492,0.92318,0.5488,0.78176,0.53118,0.97724,0.50539,0.59294
0.16992,0.071331,0.7488,0.92461,0.62209,0.060082,0.56422,0.64558
0.66992,0.40466,0.9488,0.08788,0.713,0.13701,0.62304,0.69821
0.41992,0.738,0.1888,0.23074,0.80391,0.21393,0.68186,0.75084
0.91992,0.18244,0.3888,0.37359,0.89482,0.29085,0.74069,0.80347
0.10742,0.51578,0.5888,0.51645,0.98573,0.36777,0.79951,0.8561
0.60742,0.84911,0.7888,0.65931,0.084899,0.4447,0.85834,0.90873
0.35742,0.29355,0.9888,0.80217,0.17581,0.52162,0.91716,0.96136
0.85742,0.62689,0.0368,0.94502,0.26672,0.59854,0.97598,0.016766
0.23242,0.96022,0.2368,0.10829,0.35763,0.67547,0.038266,0.069398
0.73242,0.10837,0.4368,0.25115,0.44853,0.75239,0.097089,0.12203
0.48242,0.4417,0.6368,0.394,0.53944,0.82931,0.15591,0.17466
0.98242,0.77503,0.8368,0.53686,0.63035,0.90624,0.21474,0.22729
0.029297,0.21948,0.0768,0.67972,0.72126,0.98316,0.27356,0.27992
0.5293,0.55281,0.2768,0.82257,0.81217,0.065999,0.33238,0.33256
0.2793,0.88615,0.4768,0.96543,0.90308,0.14292,0.39121,0.38519
0.7793,0.33059,0.6768,0.1287,0.99399,0.21985,0.45003,0.43782
0.1543,0.66392,0.8768,0.27155,0.0030053,0.29677,0.50885,0.49045
0.6543,0.99726,0.1168,0.41441,0.093914,0.37369,0.56768,0.54308
0.4043,0.0027435,0.3168,0.55727,0.18482,0.45061,0.6265,0.59571
0.9043,0.33608,0.5168,0.70012,0.27573,0.52754,0.68532,0.64835
0.091797,0.66941,0.7168,0.84298,0.36664,0.60446,0.74415,0.70098
0.5918,0.11385,0.9168,0.98584,0.45755,0.68138,0.80297,0.75361
0.3418,0.44719,0.1568,0.0091628,0.54846,0.75831,0.8618,0.80624
0.8418,0.78052,0.3568,0.15202,0.63937,0.83523,0.92062,0.85887
0.2168,0.22497,0.5568,0.29488,0.73028,0.91215,0.97944,0.9115
0.7168,0.5583,0.7568,0.43773,0.82119,0.98908,0.041726,0.96413
0.4668,0.89163,0.9568,0.58059,0.9121,0.071916,0.10055,0.019536
0.9668,0.039781,0.1968,0.72345,0.01127,0.14884,0.15937,0.072168
0.060547,0.37311,0.3968,0.86631,0.10218,0.22576,0.2182,0.1248
0.56055,0.70645,0.5968,0.029571,0.19309,0.30269,0.27702,0.17743
0.31055,0.15089,0.7968,0.17243,0.284,0.37961,0.33584,0.23006
0.81055,0.48422,0.9968,0.31529,0.37491,0.45653,0.39467,0.28269
0.18555,0.81756,0.0064,0.45814,0.46582,0.53345,0.45349,0.33533
0.68555,0.262,0.2064,0.601,0.55672,0.61038,0.51231,0.38796
0.43555,0.59534,0.4064,0.74386,0.64763,0.6873,0.57114,0.44059
0.93555,0.92867,0.6064,0.88671,0.73854,0.76422,0.62996,0.49322
0.12305,0.076818,0.8064,0.049979,0.82945,0.84115,0.68878,0.54585
0.62305,0.41015,0.0464,0.19284,0.92036,0.91807,0.74761,0.59848
0.37305,0.74348,0.2464,0.33569,0.019534,0.99499,0.80643,0.65112
0.87305,0.18793,0.4464,0.47855,0.11044,0.0013655,0.86526,0.70375
0.24805,0.52126,0.6464,0.62141,0.20135,0.078289,0.92408,0.75638
0.74805,0.8546,0.8464,0.76426,0.29226,0.15521,0.9829,0.80901
0.49805,0.29904,0.0864,0.90712,0.38317,0.23213,0.045186,0.86164
0.99805,0.63237,0.2864,0.070387,0.47408,0.30906,0.10401,0.91427
0.00097656,0.96571,0.4864,0.21324,0.56499,0.38598,0.16283,0.9669
0.50098,0.015089,0.6864,0.3561,0.6559,0.4629,0.22166,0.022306
0.25098,0.34842,0.8864,0.49896,0.74681,0.53983,0.28048,0.074938
0.75098,0.68176,0.1264,0.64182,0.83772,0.61675,0.3393,0.12757
0.12598,0.1262,0.3264,0.78467,0.92863,0.69367,0.39813,0.1802
0.62598,0.45953,0.5264,0.92753,0.027799,0.7706,0.45695,0.23283
0.37598,0.79287,0.7264,0.090796,0.11871,0.84752,0.51577,0.28546
0.87598,0.23731,0.9264,0.23365,0.20962,0.92444,0.5746,0.3381
0.063477,0.57064,0.1664,0.37651,0.30053,0.0072827,0.63342,0.39073
0.56348,0.90398,0.3664,0.51937,0.39144,0.084206,0.69225,0.44336
0.31348,0.052126,0.5664,0.66222,0.48234,0.16113,0.75107,0.49599
0.81348,0.38546,0.7664,0.80508,0.57325,0.23805,0.80989,0.54862
0.18848,0.71879,0.9664,0.94794,0.66416,0.31497,0.86872,0.60125
0.68848,0.16324,0.0144,0.1112,0.75507,0.3919,0.92754,0.65389
0.43848,0.49657,0.2144,0.25406,0.84598,0.46882,0.98636,0.70652
0.93848,0.8299,0.4144,0.39692,0.93689,0.54574,0.048646,0.75915
0.032227,0.27435,0.6144,0.53978,0.036063,0.62267,0.10747,0.81178
0.53223,0.60768,0.8144,0.68263,0.12697,0.69959,0.16629,0.86441
0.28223,0.94102,0.0544,0.82549,0.21788,0.77651,0.22512,0.91704
0.78223,0.089163,0.2544,0.96835,0.30879,0.85344,0.28394,0.96967
0.15723,0.4225,0.4544,0.13161,0.3997,0.93036,0.34276,0.025077
0.65723,0.75583,0.6544,0.27447,0.49061,0.0132,0.40159,0.077708
0.40723,0.20027,0.8544,0.41733,0.58152,0.090123,0.46041,0.13034
0.90723,0.53361,0.0944,0.56018,0.67243,0.16705,0.51923,0.18297
0.094727,0.86694,0.2944,0.70304,0.76334,0.24397,0.57806,0.2356
0.59473,0.31139,0.4944,0.8459,0.85424,0.32089,0.63688,0.28823
0.34473,0.64472,0.6944,0.98875,0.94515,0.39782,0.69571,0.34087
0.84473,0.97805,0.8944,0.012078,0.044328,0.47474,0.75453,0.3935
0.21973,0.027435,0.1344,0.15494,0.13524,0.55166,0.81335,0.44613
0.71973,0.36077,0.3344,0.29779,0.22615,0.62858,0.87218,0.49876
0.46973,0.6941,0.5344,0.44065,0.31705,0.70551,0.931,0.55139
0.96973,0.13855,0.7344,0.58351,0.40796,0.78243,0.98982,0.60402
0.016602,0.47188,0.9344,0.72636,0.49887,0.85935,0.052107,0.65666
0.5166,0.80521,0.1744,0.86922,0.58978,0.93628,0.11093,0.70929
0.2666,0.24966,0.3744,0.032486,0.68069,0.019117,0.16975,0.76192
0.7666,0.58299,0.5744,0.17534,0.7716,0.09604,0.22858,0.81455
0.1416,0.91632,0.7744,0.3182,0.86251,0.17296,0.2874,0.86718
0.6416,0.064472,0.9744,0.46106,0.95342,0.24989,0.34622,0.91981
0.3916,0.39781,0.0224,0.60392,0.052592,0.32681,0.40505,0.97244
0.8916,0.73114,0.2224,0.74677,0.1435,0.40373,0.46387,0.027847
0.079102,0.17558,0.4224,0.88963,0.23441,0.48066,0.52269,0.080478
0.5791,0.50892,0.6224,0.052895,0.32532,0.55758,0.58152,0.13311
0.3291,0.84225,0.8224,0.19575,0.41623,0.6345,0.64034,0.18574
0.8291,0.28669,0.0624,0.33861,0.50714,0.71142,0.69917,0.23837
0.2041,0.62003,0.2624,0.48147,0.59805,0.78835,0.75799,0.291
0.7041,0.95336,0.4624,0.62432,0.68896,0.86527,0.81681,0.34364
0.4541,0.10151,0.6624,0.76718,0.77986,0.94219,0.87564,0.39627
0.9541,0.43484,0.8624,0.91004,0.87077,0.025034,0.93446,0.4489
0.047852,0.76818,0.1024,0.073303,0.96168,0.10196,0.99328,0.50153
0.54785,0.21262,0.3024,0.21616,0.060856,0.17888,0.055567,0.55416
0.29785,0.54595,0.5024,0.35902,0.15177,0.2558,0.11439,0.60679
0.79785,0.87929,0.7024,0.50187,0.24267,0.33273,0.17321,0.65943
0.17285,0.32373,0.9024,0.64473,0.33358,0.40965,0.23204,0.71206
0.67285,0.65706,0.1424,0.78759,0.42449,0.48657,0.29086,0.76469
0.42285,0.9904,0.3424,0.93045,0.5154,0.5635,0.34968,0.81732
0.92285,0.0068587,0.5424,0.093711,0.60631,0.64042,0.40851,0.86995
0.11035,0.34019,0.7424,0.23657,0.69722,0.71734,0.46733,0.92258
0.61035,0.67353,0.9424,0.37943,0.78813,0.79426,0.52616,0.97522
0.36035,0.11797,0.1824,0.52228,0.87904,0.87119,0.58498,0.030617
0.86035,0.4513,0.3824,0.66514,0.96995,0.94811,0.6438,0.083248
0.23535,0.78464,0.5824,0.808,0.069121,0.030951,0.70263,0.13588
0.73535,0.22908,0.7824,0.95085,0.16003,0.10787,0.76145,0.18851
0.48535,0.56241,0.9824,0.11412,0.25094,0.1848,0.82027,0.24114
0.98535,0.89575,0.0304,0.25698,0.34185,0.26172,0.8791,0.29377
0.0087891,0.043896,0.2304,0.39983,0.43276,0.33864,0.93792,0.34641
0.50879,0.37723,0.4304,0.54269,0.52367,0.41557,0.99674,0.39904
0.25879,0.71056,0.6304,0.68555,0.61458,0.49249,0.00040708,0.45167
0.75879,0.15501,0.8304,0.8284,0.70548,0.56941,0.059231,0.5043
0.13379,0.48834,0.0704,0.97126,0.79639,0.64634,0.11805,0.55693
0.63379,0.82167,0.2704,0.13453,0.8873,0.72326,0.17688,0.60956
0.38379,0.26612,0.4704,0.27738,0.97821,0.80018,0.2357,0.6622
0.88379,0.59945,0.6704,0.42024,0.077385,0.87711,0.29452,0.71483
0.071289,0.93278,0.8704,0.5631,0.16829,0.95403,0.35335,0.76746
0.57129,0.080933,0.1104,0.70596,0.2592,0.036868,0.41217,0.82009
0.32129,0.41427,0.3104,0.84881,0.35011,0.11379,0.471,0.87272
0.82129,0.7476,0.5104,0.99167,0.44102,0.19071,0.52982,0.92535
0.19629,0.19204,0.7104,0.014994,0.53193,0.26764,0.58864,0.97799
0.69629,0.52538,0.9104,0.15785,0.62284,0.34456,0.64747,0.033387
0.44629,0.85871,0.1504,0.30071,0.71375,0.42148,0.70629,0.086018
0.94629,0.30316,0.3504,0.44357,0.80466,0.49841,0.76511,0.13865
0.040039,0.63649,0.5504,0.58642,0.89557,0.57533,0.82394,0.19128
0.54004,0.96982,0.7504,0.72928,0.98648,0.65225,0.88276,0.24391
0.29004,0.019204,0.9504,0.87214,0.08565,0.72918,0.94158,0.29654
0.79004,0.35254,0.1904,0.035402,0.17656,0.8061,0.0038673,0.34918
0.16504,0.68587,0.3904,0.17826,0.26747,0.88302,0.062691,0.40181
0.66504,0.13032,0.5904,0.32112,0.35838,0.95995,0.12151,0.45444
0.41504,0.46365,0.7904,0.46397,0.44929,0.042786,0.18034,0.50707
0.91504,0.79698,0.9904,0.60683,0.5402,0.11971,0.23916,0.5597
0.10254,0.24143,0.0384,0.74969,0.6311,0.19663,0.29798,0.61233
0.60254,0.57476,0.2384,0.89254,0.72201,0.27355,0.35681,0.66497
0.35254,0.90809,0.4384,0.05581,0.81292,0.35048,0.41563,0.7176
0.85254,0.056241,0.6384,0.19867,0.90383,0.4274,0.47446,0.77023
0.22754,0.38957,0.8384,0.34152,0.99474,0.50432,0.53328,0.82286
0.72754,0.72291,0.0784,0.48438,0.0037566,0.58125,0.5921,0.87549
0.47754,0.16735,0.2784,0.62724,0.094666,0.65817,0.65093,0.92812
0.97754,0.50069,0.4784,0.7701,0.18557,0.73509,0.70975,0.98076
0.024414,0.83402,0.6784,0.91295,0.27648,0.81202,0.76857,0.036157
0.52441,0.27846,0.8784,0.076218,0.36739,0.88894,0.8274,0.088788
0.27441,0.6118,0.1184,0.21908,0.4583,0.96586,0.88622,0.14142
0.77441,0.94513,0.3184,0.36193,0.54921,0.048703,0.94504,0.19405
0.14941,0.093278,0.5184,0.50479,0.64012,0.12563,0.0073275,0.24668
0.64941,0.42661,0.7184,0.64765,0.73103,0.20255,0.066151,0.29931
0.39941,0.75995,0.9184,0.7905,0.82194,0.27947,0.12497,0.35195
0.89941,0.20439,0.1584,0.93336,0.91285,0.3564,0.1838,0.40458
0.086914,0.53772,0.3584,0.096626,0.012021,0.43332,0.24262,0.45721
0.58691,0.87106,0.5584,0.23948,0.10293,0.51024,0.30145,0.50984
0.33691,0.3155,0.7584,0.38234,0.19384,0.58716,0.36027,0.56247
0.83691,0.64883,0.9584,0.5252,0.28475,0.66409,0.41909,0.6151
0.21191,0.98217,0.1984,0.66805,0.37566,0.74101,0.47792,0.66774
0.71191,0.03155,0.3984,0.81091,0.46657,0.81793,0.53674,0.72037
0.46191,0.36488,0.5984,0.95377,0.55748,0.89486,0.59556,0.773
0.96191,0.69822,0.7984,0.11703,0.64838,0.97178,0.65439,0.82563
0.055664,0.14266,0.9984,0.25989,0.73929,0.05462,0.71321,0.87826
0.55566,0.47599,0.00032,0.40275,0.8302,0.13154,0.77203,0.93089
0.30566,0.80933,0.20032,0.54561,0.92111,0.20847,0.83086,0.98353
0.80566,0.25377,0.40032,0.68846,0.020285,0.28539,0.88968,0.038927
0.18066,0.58711,0.60032,0.83132,0.11119,0.36231,0.9485,0.091559
0.68066,0.92044,0.80032,0.97418,0.2021,0.43924,0.010788,0.14419
0.43066,0.068587,0.04032,0.13744,0.29301,0.51616,0.069611,0.19682
0.93066,0.40192,0.24032,0.2803,0.38392,0.59308,0.12843,0.24945
0.11816,0.73525,0.44032,0.42316,0.47483,0.67,0.18726,0.30208
0.61816,0.1797,0.64032,0.56601,0.56574,0.74693,0.24608,0.35472
0.36816,0.51303,0.84032,0.70887,0.65665,0.82385,0.30491,0.40735
0.86816,0.84636,0.08032,0.85173,0.74756,0.90077,0.36373,0.45998
0.24316,0.29081,0.28032,0.99459,0.83847,0.9777,0.42255,0.51261
0.74316,0.62414,0.48032,0.017909,0.92938,0.060537,0.48138,0.56524
0.49316,0.95748,0.68032,0.16077,0.02855,0.13746,0.5402,0.61787
0.99316,0.10562,0.88032,0.30362,0.11946,0.21438,0.59902,0.67051
0.0048828,0.43896,0.12032,0.44648,0.21037,0.29131,0.65785,0.72314
0.50488,0.77229,0.32032,0.58934,0.30128,0.36823,0.71667,0.77577
0.25488,0.21674,0.52032,0.73219,0.39219,0.44515,0.77549,0.8284
0.75488,0.55007,0.72032,0.87505,0.4831,0.52208,0.83432,0.88103
0.12988,0.8834,0.92032,0.038317,0.574,0.599,0.89314,0.93366
0.62988,0.32785,0.16032,0.18117,0.66491,0.67592,0.95196,0.9863
0.37988,0.66118,0.36032,0.32403,0.75582,0.75284,0.014248,0.041697
0.87988,0.99451,0.56032,0.46689,0.84673,0.82977,0.073071,0.094329
0.067383,0.010974,0.76032,0.60975,0.93764,0.90669,0.13189,0.14696
0.56738,0.34431,0.96032,0.7526,0.036814,0.98361,0.19072,0.19959
0.31738,0.67764,0.00832,0.89546,0.12772,0.066454,0.24954,0.25222
0.81738,0.12209,0.20832,0.058726,0.21863,0.14338,0.30837,0.30485
0.19238,0.45542,0.40832,0.20158,0.30954,0.2203,0.36719,0.35749
0.69238,0.78875,0.60832,0.34444,0.40045,0.29722,0.42601,0.41012
0.44238,0.2332,0.80832,0.4873,0.49136,0.37415,0.48484,0.46275
0.94238,0.56653,0.04832,0.63015,0.58227,0.45107,0.54366,0.51538
0.036133,0.89986,0.24832,0.77301,0.67318,0.52799,0.60248,0.56801
0.53613,0.048011,0.44832,0.91587,0.76409,0.60492,0.66131,0.62064
0.28613,0.38134,0.64832,0.079134,0.855,0.68184,0.72013,0.67328
0.78613,0.71468,0.84832,0.22199,0.94591,0.75876,0.77895,0.72591
0.16113,0.15912,0.08832,0.36485,0.045079,0.83569,0.83778,0.77854
0.66113,0.49246,0.28832,0.50771,0.13599,0.91261,0.8966,0.83117
0.41113,0.82579,0.48832,0.65056,0.2269,0.98953,0.95542,0.8838
0.91113,0.27023,0.68832,0.79342,0.31781,0.072371,0.017708,0.93643
0.098633,0.60357,0.88832,0.93628,0.40872,0.14929,0.076532,0.98907
0.59863,0.9369,0.12832,0.099542,0.49962,0.22622,0.13536,0.044467
0.34863,0.085048,0.32832,0.2424,0.59053,0.30314,0.19418,0.097099
0.84863,0.41838,0.52832,0.38526,0.68144,0.38006,0.253,0.14973
0.22363,0.75171,0.72832,0.52811,0.77235,0.45699,0.31183,0.20236
0.72363,0.19616,0.92832,0.67097,0.86326,0.53391,0.37065,0.25499
0.47363,0.52949,0.16832,0.81383,0.95417,0.61083,0.42947,0.30763
0.97363,0.86283,0.36832,0.95668,0.053343,0.68776,0.4883,0.36026
0.020508,0.30727,0.56832,0.11995,0.14425,0.76468,0.54712,0.41289
0.52051,0.6406,0.76832,0.26281,0.23516,0.8416,0.60594,0.46552
0.27051,0.97394,0.96832,0.40566,0.32607,0.91853,0.66477,0.51815
0.77051,0.02332,0.01632,0.54852,0.41698,0.99545,0.72359,0.57078
0.14551,0.35665,0.21632,0.69138,0.50789,0.0018207,0.78241,0.62341
0.64551,0.68999,0.41632,0.83424,0.5988,0.078744,0.84124,0.67605
0.39551,0.13443,0.61632,0.97709,0.68971,0.15567,0.90006,0.72868
0.89551,0.46776,0.81632,0.14036,0.78062,0.23259,0.95888,0.78131
0.083008,0.8011,0.05632,0.28322,0.87153,0.30951,0.021168,0.83394
0.58301,0.24554,0.25632,0.42607,0.96243,0.38644,0.079992,0.88657
0.33301,0.57888,0.45632,0.56893,0.061608,0.46336,0.13882,0.9392
0.83301,0.91221,0.65632,0.71179,0.15252,0.54028,0.19764,0.99184
0.20801,0.060357,0.85632,0.85464,0.24343,0.61721,0.25646,0.047237
0.70801,0.39369,0.09632,0.9975,0.33434,0.69413,0.31529,0.099869
0.45801,0.72702,0.29632,0.00083299,0.42524,0.77105,0.37411,0.1525
0.95801,0.17147,0.49632,0.14369,0.51615,0.84797,0.43293,0.20513
0.051758,0.5048,0.69632,0.28655,0.60706,0.9249,0.49176,0.25776
0.55176,0.83813,0.89632,0.4294,0.69797,0.0077378,0.55058,0.3104
0.30176,0.28258,0.13632,0.57226,0.78888,0.084661,0.6094,0.36303
0.80176,0.61591,0.33632,0.71512,0.87979,0.16158,0.66823,0.41566
0.17676,0.94925,0.53632,0.85798,0.9707,0.23851,0.72705,0.46829
0.67676,0.097394,0.73632,0.021241,0.069872,0.31543,0.78587,0.52092
0.42676,0.43073,0.93632,0.1641,0.16078,0.39235,0.8447,0.57355
0.92676,0.76406,0.17632,0.30696,0.25169,0.46928,0.90352,0.62618
0.11426,0.2085,0.37632,0.44981,0.3426,0.5462,0.96234,0.67882
0.61426,0.54184,0.57632,0.59267,0.43351,0.62312,0.024629,0.73145
0.36426,0.87517,0.77632,0.73553,0.52442,0.70005,0.083452,0.78408
0.86426,0.31962,0.97632,0.87838,0.61533,0.77697,0.14228,0.83671
0.23926,0.65295,0.02432,0.041649,0.70624,0.85389,0.2011,0.88934
0.73926,0.98628,0.22432,0.18451,0.79715,0.93081,0.25992,0.94197
0.48926,0.035665,0.42432,0.32736,0.88805,0.013655,0.31875,0.99461
0.98926,0.369,0.62432,0.47022,0.97896,0.090578,0.37757,0.050007
0.012695,0.70233,0.82432,0.61308,0.078137,0.1675,0.43639,0.10264
0.5127,0.14678,0.06432,0.75594,0.16905,0.24442,0.49522,0.15527
0.2627,0.48011,0.26432,0.89879,0.25995,0.32135,0.55404,0.2079
0.7627,0.81344,0.46432,0.062057,0.35086,0.39827,0.61286,0.26053
0.1377,0.25789,0.66432,0.20491,0.44177,0.47519,0.67169,0.31317
0.6377,0.59122,0.86432,0.34777,0.53268,0.55212,0.73051,0.3658
0.3877,0.92455,0.10432,0.49063,0.62359,0.62904,0.78933,0.41843
0.8877,0.072702,0.30432,0.63349,0.7145,0.70596,0.84816,0.47106
0.075195,0.40604,0.50432,0.77634,0.80541,0.78289,0.90698,0.52369
0.5752,0.73937,0.70432,0.9192,0.89632,0.85981,0.96581,0.57632
0.3252,0.18381,0.90432,0.082466,0.98723,0.93673,0.028089,0.62895
0.8252,0.51715,0.14432,0.22532,0.086401,0.019572,0.086912,0.68159
0.2002,0.85048,0.34432,0.36818,0.17731,0.096495,0.14574,0.73422
0.7002,0.29492,0.54432,0.51104,0.26822,0.17342,0.20456,0.78685
0.4502,0.62826,0.74432,0.65389,0.35913,0.25034,0.26338,0.83948
0.9502,0.96159,0.94432,0.79675,0.45004,0.32726,0.32221,0.89211
0.043945,0.10974,0.18432,0.93961,0.54095,0.40419,0.38103,0.94474
0.54395,0.44307,0.38432,0.10287,0.63186,0.48111,0.43985,0.99738
0.29395,0.77641,0.58432,0.24573,0.72276,0.55803,0.49868,0.00029159
0.79395,0.22085,0.78432,0.38859,0.81367,0.63496,0.5575,0.052923
0.16895,0.55418,0.98432,0.53145,0.90458,0.71188,0.61632,0.10555
0.66895,0.88752,0.03232,0.6743,0.99549,0.7888,0.67515,0.15819
0.41895,0.33196,0.23232,0.81716,0.0045079,0.86573,0.73397,0.21082
0.91895,0.66529,0.43232,0.96002,0.095417,0.94265,0.79279,0.26345
0.10645,0.99863,0.63232,0.12328,0.18633,0.025489,0.85162,0.31608
0.60645,0.00045725,0.83232,0.26614,0.27724,0.10241,0.91044,0.36871
0.35645,0.33379,0.07232,0.409,0.36814,0.17934,0.96927,0.42134
0.85645,0.66712,0.27232,0.55185,0.45905,0.25626,0.031549,0.47398
0.23145,0.11157,0.47232,0.69471,0.54996,0.33318,0.090372,0.52661
0.73145,0.4449,0.67232,0.83757,0.64087,0.4101,0.1492,0.57924
0.48145,0.77824,0.87232,0.98042,0.73178,0.48703,0.20802,0.63187
0.98145,0.22268,0.11232,0.0037484,0.82269,0.56395,0.26684,0.6845
0.02832,0.55601,0.31232,0.14661,0.9136,0.64087,0.32567,0.73713
0.52832,0.88935,0.51232,0.28946,0.012772,0.7178,0.38449,0.78977
0.27832,0.037494,0.71232,0.43232,0.10368,0.79472,0.44331,0.8424
0.77832,0.37083,0.91232,0.57518,0.19459,0.87164,0.50214,0.89503
0.15332,0.70416,0.15232,0.71803,0.2855,0.94857,0.56096,0.94766
0.65332,0.14861,0.35232,0.86089,0.37641,0.031406,0.61978,0.0030617
0.40332,0.48194,0.55232,0.024157,0.46732,0.10833,0.67861,0.055693
0.90332,0.81527,0.75232,0.16701,0.55823,0.18525,0.73743,0.10832
0.09082,0.25972,0.95232,0.30987,0.64914,0.26218,0.79625,0.16096
0.59082,0.59305,0.19232,0.45273,0.74005,0.3391,0.85508,0.21359
0.34082,0.92638,0.39232,0.59559,0.83095,0.41602,0.9139,0.26622
0.84082,0.074531,0.59232,0.73844,0.92186,0.49294,0.97273,0.31885
0.21582,0.40786,0.79232,0.8813,0.021037,0.56987,0.035009,0.37148
0.71582,0.7412,0.99232,0.044565,0.11195,0.64679,0.093833,0.42411
0.46582,0.18564,0.00192,0.18742,0.20285,0.72371,0.15266,0.47675
0.96582,0.51898,0.20192,0.33028,0.29376,0.80064,0.21148,0.52938
0.05957,0.85231,0.40192,0.47314,0.38467,0.87756,0.2703,0.58201
0.55957,0.29675,0.60192,0.61599,0.47558,0.95448,0.32913,0.63464
0.30957,0.63009,0.80192,0.75885,0.56649,0.037324,0.38795,0.68727
0.80957,0.96342,0.04192,0.90171,0.6574,0.11425,0.44677,0.7399
0.18457,0.012803,0.24192,0.064973,0.74831,0.19117,0.5056,0.79254
0.68457,0.34614,0.44192,0.20783,0.83922,0.26809,0.56442,0.84517
0.43457,0.67947,0.64192,0.35069,0.93013,0.34502,0.62324,0.8978
0.93457,0.12391,0.84192,0.49354,0.029301,0.42194,0.68207,0.95043
0.12207,0.45725,0.08192,0.6364,0.12021,0.49886,0.74089,0.0058318
0.62207,0.79058,0.28192,0.77926,0.21112,0.57579,0.79972,0.058463
0.37207,0.23503,0.48192,0.92212,0.30203,0.65271,0.85854,0.11109
0.87207,0.56836,0.68192,0.085381,0.39294,0.72963,0.91736,0.16373
0.24707,0.90169,0.88192,0.22824,0.48385,0.80655,0.97619,0.21636
0.74707,0.04984,0.12192,0.3711,0.57476,0.88348,0.038469,0.26899
0.49707,0.38317,0.32192,0.51395,0.66566,0.9604,0.097293,0.32162
0.99707,0.71651,0.52192,0.65681,0.75657,0.043241,0.15612,0.37425
0.0029297,0.16095,0.72192,0.79967,0.84748,0.12016,0.21494,0.42688
0.50293,0.49428,0.92192,0.94252,0.93839,0.19709,0.27376,0.47952
0.25293,0.82762,0.16192,0.10579,0.037566,0.27401,0.33259,0.53215
0.75293,0.27206,0.36192,0.24865,0.12847,0.35093,0.39141,0.58478
0.12793,0.6054,0.56192,0.3915,0.21938,0.42786,0.45023,0.63741
0.62793,0.93873,0.76192,0.53436,0.31029,0.50478,0.50906,0.69004
0.37793,0.086877,0.96192,0.67722,0.4012,0.5817,0.56788,0.74267
0.87793,0.42021,0.00992,0.82007,0.49211,0.65863,0.6267,0.79531
0.06543,0.75354,0.20992,0.96293,0.58302,0.73555,0.68553,0.84794
0.56543,0.19799,0.40992,0.1262,0.67393,0.81247,0.74435,0.90057
0.31543,0.53132,0.60992,0.26905,0.76484,0.88939,0.80318,0.9532
0.81543,0.86465,0.80992,0.41191,0.85575,0.96632,0.862,0.0086018
0.19043,0.3091,0.04992,0.55477,0.94666,0.049158,0.92082,0.061233
0.69043,0.64243,0.24992,0.69763,0.04583,0.12608,0.97965,0.11386
0.44043,0.97577,0.44992,0.84048,0.13674,0.203,0.04193,0.1665
0.94043,0.025149,0.64992,0.98334,0.22765,0.27993,0.10075,0.21913
0.03418,0.35848,0.84992,0.0066639,0.31856,0.35685,0.15958,0.27176
0.53418,0.69182,0.08992,0.14952,0.40947,0.43377,0.2184,0.32439
0.28418,0.13626,0.28992,0.29238,0.50038,0.5107,0.27722,0.37702
0.78418,0.46959,0.48992,0.43524,0.59128,0.58762,0.33605,0.42965
0.15918,0.80293,0.68992,0.57809,0.68219,0.66454,0.39487,0.48229
0.65918,0.24737,0.88992,0.72095,0.7731,0.74147,0.45369,0.53492
0.40918,0.5807,0.12992,0.86381,0.86401,0.81839,0.51252,0.58755
0.90918,0.91404,0.32992,0.027072,0.95492,0.89531,0.57134,0.64018
0.09668,0.062186,0.52992,0.16993,0.054095,0.97223,0.63016,0.69281
0.59668,0.39552,0.72992,0.31279,0.145,0.055075,0.68899,0.74544
0.34668,0.72885,0.92992,0.45564,0.23591,0.132,0.74781,0.79808
0.84668,0.1733,0.16992,0.5985,0.32682,0.20892,0.80664,0.85071
0.22168,0.50663,0.36992,0.74136,0.41773,0.28584,0.86546,0.90334
0.72168,0.83996,0.56992,0.88421,0.50864,0.36277,0.92428,0.95597
0.47168,0.28441,0.76992,0.04748,0.59955,0.43969,0.98311,0.011372
0.97168,0.61774,0.96992,0.19034,0.69046,0.51661,0.04539,0.064003
0.018555,0.95107,0.01792,0.33319,0.78137,0.59354,0.10421,0.11664
0.51855,0.099223,0.21792,0.47605,0.87228,0.67046,0.16304,0.16927
0.26855,0.43256,0.41792,0.61891,0.96319,0.74738,0.22186,0.2219
0.76855,0.76589,0.61792,0.76177,0.062359,0.82431,0.28068,0.27453
0.14355,0.21033,0.81792,0.90462,0.15327,0.90123,0.33951,0.32716
0.64355,0.54367,0.05792,0.067888,0.24418,0.97815,0.39833,0.37979
0.39355,0.877,0.25792,0.21075,0.33509,0.060992,0.45715,0.43242
0.89355,0.32144,0.45792,0.3536,0.426,0.13792,0.51598,0.48506
0.081055,0.65478,0.65792,0.49646,0.5169,0.21484,0.5748,0.53769
0.58105,0.98811,0.85792,0.63932,0.60781,0.29176,0.63363,0.59032
0.33105,0.0045725,0.09792,0.78217,0.69872,0.36868,0.69245,0.64295
0.83105,0.33791,0.29792,0.92503,0.78963,0.44561,0.75127,0.69558
0.20605,0.67124,0.49792,0.088297,0.88054,0.52253,0.8101,0.74821
0.70605,0.11568,0.69792,0.23115,0.97145,0.59945,0.86892,0.80085
0.45605,0.44902,0.89792,0.37401,0.070624,0.67638,0.92774,0.85348
0.95605,0.78235,0.13792,0.51687,0.16153,0.7533,0.98657,0.90611
0.049805,0.22679,0.33792,0.65973,0.25244,0.83022,0.04885,0.95874
0.5498,0.56013,0.53792,0.80258,0.34335,0.90715,0.10767,0.014142
0.2998,0.89346,0.73792,0.94544,0.43426,0.98407,0.1665,0.066774
0.7998,0.04161,0.93792,0.1087,0.52517,0.066909,0.22532,0.11941
0.1748,0.37494,0.17792,0.25156,0.61608,0.14383,0.28414,0.17204
0.6748,0.70828,0.37792,0.39442,0.70699,0.22076,0.34297,0.22467
0.4248,0.15272,0.57792,0.53728,0.7979,0.29768,0.40179,0.2773
0.9248,0.48605,0.77792,0.68013,0.88881,0.3746,0.46061,0.32993
0.1123,0.81939,0.97792,0.82299,0.97971,0.45152,0.51944,0.38256
0.6123,0.26383,0.02592,0.96585,0.078888,0.52845,0.57826,0.43519
0.3623,0.59717,0.22592,0.12911,0.1698,0.60537,0.63709,0.48783
0.8623,0.9305,0.42592,0.27197,0.26071,0.68229,0.69591,0.54046
0.2373,0.078647,0.62592,0.41483,0.35162,0.75922,0.75473,0.59309
0.7373,0.41198,0.82592,0.55768,0.44252,0.83614,0.81356,0.64572
0.4873,0.74531,0.06592,0.70054,0.53343,0.91306,0.87238,0.69835
0.9873,0.18976,0.26592,0.8434,0.62434,0.98999,0.9312,0.75098
0.010742,0.52309,0.46592,0.98626,0.71525,0.072827,0.99003,0.80362
0.51074,0.85642,0.66592,0.0095793,0.80616,0.14975,0.05231,0.85625
0.26074,0.30087,0.86592,0.15244,0.89707,0.22667,0.11113,0.90888
0.76074,0.6342,0.10592,0.29529,0.98798,0.3036,0.16996,0.96151
0.13574,0.96754,0.30592,0.43815,0.087153,0.38052,0.22878,0.016912
0.63574,0.016918,0.50592,0.58101,0.17806,0.45744,0.2876,0.069544
0.38574,0.35025,0.70592,0.72387,0.26897,0.53437,0.34643,0.12218
0.88574,0.68358,0.90592,0.86672,0.35988,0.61129,0.40525,0.17481
0.073242,0.12803,0.14592,0.029988,0.45079,0.68821,0.46407,0.22744
0.57324,0.46136,0.34592,0.17284,0.5417,0.76513,0.5229,0.28007
0.32324,0.7947,0.54592,0.3157,0.63261,0.84206,0.58172,0.3327
0.82324,0.23914,0.74592,0.45856,0.72352,0.91898,0.64055,0.38533
0.19824,0.57247,0.94592,0.60142,0.81443,0.9959,0.69937,0.43796
0.69824,0.90581,0.18592,0.74427,0.90533,0.0022758,0.75819,0.4906
0.44824,0.053955,0.38592,0.88713,0.99624,0.079199,0.81702,0.54323
0.94824,0.38729,0.58592,0.050396,0.0052592,0.15612,0.87584,0.59586
0.041992,0.72062,0.78592,0.19325,0.096168,0.23305,0.93466,0.64849
0.54199,0.16507,0.98592,0.33611,0.18708,0.30997,0.99349,0.70112
0.29199,0.4984,0.03392,0.47897,0.27799,0.38689,0.05577,0.75375
0.79199,0.83173,0.23392,0.62182,0.3689,0.46381,0.11459,0.80639
0.16699,0.27618,0.43392,0.76468,0.4598,0.54074,0.17342,0.85902
0.66699,0.60951,0.63392,0.90754,0.55071,0.61766,0.23224,0.91165
0.41699,0.94284,0.83392,0.070804,0.64162,0.69458,0.29106,0.96428
0.91699,0.090992,0.07392,0.21366,0.73253,0.77151,0.34989,0.019682
0.10449,0.42433,0.27392,0.35652,0.82344,0.84843,0.40871,0.072314
0.60449,0.75766,0.47392,0.49938,0.91435,0.92535,0.46754,0.12495
0.35449,0.2021,0.67392,0.64223,0.013524,0.008193,0.52636,0.17758
0.85449,0.53544,0.87392,0.78509,0.10443,0.085116,0.58518,0.23021
0.22949,0.86877,0.11392,0.92795,0.19534,0.16204,0.64401,0.28284
0.72949,0.31321,0.31392,0.091212,0.28625,0.23896,0.70283,0.33547
0.47949,0.64655,0.51392,0.23407,0.37716,0.31589,0.76165,0.3881
0.97949,0.97988,0.71392,0.37693,0.46807,0.39281,0.82048,0.44073
0.026367,0.029264,0.91392,0.51978,0.55898,0.46973,0.8793,0.49337
0.52637,0.3626,0.15392,0.66264,0.64989,0.54665,0.93812,0.546
0.27637,0.69593,0.35392,0.8055,0.7408,0.62358,0.99695,0.59863
0.77637,0.14037,0.55392,0.94835,0.83171,0.7005,0.00061062,0.65126
0.15137,0.47371,0.75392,0.11162,0.92261,0.77742,0.059434,0.70389
0.65137,0.80704,0.95392,0.25448,0.021788,0.85435,0.11826,0.75652
0.40137,0.25149,0.19392,0.39733,0.1127,0.93127,0.17708,0.80916
0.90137,0.58482,0.39392,0.54019,0.20361,0.01411,0.2359,0.86179
0.088867,0.91815,0.59392,0.68305,0.29452,0.091033,0.29473,0.91442
0.58887,0.066301,0.79392,0.82591,0.38542,0.16796,0.35355,0.96705
0.33887,0.39963,0.99392,0.96876,0.47633,0.24488,0.41238,0.022452
0.83887,0.73297,0.00352,0.13203,0.56724,0.3218,0.4712,0.075084
0.21387,0.17741,0.20352,0.27489,0.65815,0.39873,0.53002,0.12772
0.71387,0.51075,0.40352,0.41774,0.74906,0.47565,0.58885,0.18035
0.46387,0.84408,0.60352,0.5606,0.83997,0.55257,0.64767,0.23298
0.96387,0.28852,0.80352,0.70346,0.93088,0.62949,0.70649,0.28561
0.057617,0.62186,0.04352,0.84631,0.030053,0.70642,0.76532,0.33824
0.55762,0.95519,0.24352,0.98917,0.12096,0.78334,0.82414,0.39087
0.30762,0.10334,0.44352,0.012495,0.21187,0.86026,0.88296,0.4435
0.80762,0.43667,0.64352,0.15535,0.30278,0.93719,0.94179,0.49614
0.18262,0.77,0.84352,0.29821,0.39369,0.020027,0.0040708,0.54877
0.68262,0.21445,0.08352,0.44107,0.4846,0.09695,0.062894,0.6014
0.43262,0.54778,0.28352,0.58392,0.57551,0.17387,0.12172,0.65403
0.93262,0.88112,0.48352,0.72678,0.66642,0.2508,0.18054,0.70666
0.12012,0.32556,0.68352,0.86964,0.75733,0.32772,0.23936,0.75929
0.62012,0.65889,0.88352,0.032903,0.84823,0.40464,0.29819,0.81193
0.37012,0.99223,0.12352,0.17576,0.93914,0.48157,0.35701,0.86456
0.87012,0.0086877,0.32352,0.31862,0.038317,0.55849,0.41584,0.91719
0.24512,0.34202,0.52352,0.46147,0.12923,0.63541,0.47466,0.96982
0.74512,0.67535,0.72352,0.60433,0.22014,0.71234,0.53348,0.025222
0.49512,0.1198,0.92352,0.74719,0.31104,0.78926,0.59231,0.077854
0.99512,0.45313,0.16352,0.89005,0.40195,0.86618,0.65113,0.13049
0.0068359,0.78647,0.36352,0.053311,0.49286,0.9431,0.70995,0.18312
0.50684,0.23091,0.56352,0.19617,0.58377,0.025944,0.76878,0.23575
0.25684,0.56424,0.76352,0.33903,0.67468,0.10287,0.8276,0.28838
0.75684,0.89758,0.96352,0.48188,0.76559,0.17979,0.88642,0.34101
0.13184,0.045725,0.01152,0.62474,0.8565,0.25671,0.94525,0.39364
0.63184,0.37906,0.21152,0.7676,0.94741,0.33364,0.007531,0.44627
0.38184,0.71239,0.41152,0.91045,0.046582,0.41056,0.066355,0.49891
0.88184,0.15684,0.61152,0.073719,0.13749,0.48748,0.12518,0.55154
0.069336,0.49017,0.81152,0.21658,0.2284,0.56441,0.184,0.60417
0.56934,0.8235,0.05152,0.35943,0.31931,0.64133,0.24283,0.6568
0.31934,0.26795,0.25152,0.50229,0.41022,0.71825,0.30165,0.70943
0.81934,0.60128,0.45152,0.64515,0.50113,0.79518,0.36047,0.76206
0.19434,0.93461,0.65152,0.788,0.59204,0.8721,0.4193,0.8147
0.69434,0.082762,0.85152,0.93086,0.68295,0.94902,0.47812,0.86733
0.44434,0.4161,0.09152,0.094127,0.77385,0.031862,0.53694,0.91996
0.94434,0.74943,0.29152,0.23698,0.86476,0.10878,0.59577,0.97259
0.038086,0.19387,0.49152,0.37984,0.95567,0.18571,0.65459,0.027992
0.53809,0.52721,0.69152,0.5227,0.054846,0.26263,0.71341,0.080624
0.28809,0.86054,0.89152,0.66556,0.14576,0.33955,0.77224,0.13326
0.78809,0.30498,0.13152,0.80841,0.23666,0.41648,0.83106,0.18589
0.16309,0.63832,0.33152,0.95127,0.32757,0.4934,0.88988,0.23852
0.66309,0.97165,0.53152,0.11454,0.41848,0.57032,0.94871,0.29115
0.41309,0.021033,0.73152,0.25739,0.50939,0.64725,0.010991,0.34378
0.91309,0.35437,0.93152,0.40025,0.6003,0.72417,0.069815,0.39641
0.10059,0.6877,0.17152,0.54311,0.69121,0.80109,0.12864,0.44905
0.60059,0.13214,0.37152,0.68596,0.78212,0.87802,0.18746,0.50168
0.35059,0.46548,0.57152,0.82882,0.87303,0.95494,0.24629,0.55431
0.85059,0.79881,0.77152,0.97168,0.96394,0.037779,0.30511,0.60694
0.22559,0.24326,0.97152,0.13494,0.06311,0.1147,0.36393,0.65957
0.72559,0.57659,0.01952,0.2778,0.15402,0.19162,0.42276,0.7122
0.47559,0.90992,0.21952,0.42066,0.24493,0.26855,0.48158,0.76483
0.97559,0.05807,0.41952,0.56352,0.33584,0.34547,0.5404,0.81747
0.022461,0.3914,0.61952,0.70637,0.42675,0.42239,0.59923,0.8701
0.52246,0.72474,0.81952,0.84923,0.51766,0.49932,0.65805,0.92273
0.27246,0.16918,0.05952,0.99209,0.60856,0.57624,0.71687,0.97536
0.77246,0.50251,0.25952,0.01541,0.69947,0.65316,0.7757,0.030763
0.14746,0.83585,0.45952,0.15827,0.79038,0.73009,0.83452,0.083394
0.64746,0.28029,0.65952,0.30112,0.88129,0.80701,0.89334,0.13603
0.39746,0.61363,0.85952,0.44398,0.9722,0.88393,0.95217,0.18866
0.89746,0.94696,0.09952,0.58684,0.071375,0.96086,0.014451,0.24129
0.084961,0.095107,0.29952,0.7297,0.16228,0.043696,0.073275,0.29392
0.58496,0.42844,0.49952,0.87255,0.25319,0.12062,0.1321,0.34655
0.33496,0.76177,0.69952,0.035818,0.3441,0.19754,0.19092,0.39918
0.83496,0.20622,0.89952,0.17868,0.43501,0.27447,0.24975,0.45182
0.20996,0.53955,0.13952,0.32153,0.52592,0.35139,0.30857,0.50445
0.70996,0.87289,0.33952,0.46439,0.61683,0.42831,0.36739,0.55708
0.45996,0.31733,0.53952,0.60725,0.70774,0.50523,0.42622,0.60971
0.95996,0.65066,0.73952,0.7501,0.79865,0.58216,0.48504,0.66234
0.053711,0.984,0.93952,0.89296,0.88956,0.65908,0.54386,0.71497
0.55371,0.033379,0.17952,0.056227,0.98047,0.736,0.60269,0.7676
0.30371,0.36671,0.37952,0.19908,0.079639,0.81293,0.66151,0.82024
0.80371,0.70005,0.57952,0.34194,0.17055,0.88985,0.72033,0.87287
0.17871,0.14449,0.77952,0.4848,0.26146,0.96677,0.77916,0.9255
0.67871,0.47782,0.97952,0.62766,0.35237,0.049613,0.83798,0.97813
0.42871,0.81116,0.02752,0.77051,0.44328,0.12654,0.8968,0.033533
0.92871,0.2556,0.22752,0.91337,0.53418,0.20346,0.95563,0.086164
0.11621,0.58893,0.42752,0.076635,0.62509,0.28038,0.017912,0.1388
0.61621,0.92227,0.62752,0.21949,0.716,0.35731,0.076735,0.19143
0.36621,0.070416,0.82752,0.36235,0.80691,0.43423,0.13556,0.24406
0.86621,0.40375,0.06752,0.50521,0.89782,0.51115,0.19438,0.29669
0.24121,0.73708,0.26752,0.64806,0.98873,0.58807,0.25321,0.34932
0.74121,0.18153,0.46752,0.79092,0.087904,0.665,0.31203,0.40195
0.49121,0.51486,0.66752,0.93378,0.17881,0.74192,0.37085,0.45459
0.99121,0.84819,0.86752,0.097043,0.26972,0.81884,0.42968,0.50722
0.014648,0.29264,0.10752,0.2399,0.36063,0.89577,0.4885,0.55985
0.51465,0.62597,0.30752,0.38276,0.45154,0.97269,0.54732,0.61248
0.26465,0.9593,0.50752,0.52561,0.54245,0.05553,0.60615,0.66511
0.76465,0.10745,0.70752,0.66847,0.63336,0.13245,0.66497,0.71774
0.13965,0.44079,0.90752,0.81133,0.72427,0.20938,0.72379,0.77037
0.63965,0.77412,0.14752,0.95419,0.81518,0.2863,0.78262,0.82301
0.38965,0.21856,0.34752,0.11745,0.90609,0.36322,0.84144,0.87564
0.88965,0.5519,0.54752,0.26031,0.99699,0.44015,0.90026,0.92827
0.077148,0.88523,0.74752,0.40317,0.0060105,0.51707,0.95909,0.9809
0.57715,0.32968,0.94752,0.54602,0.09692,0.59399,0.021372,0.036303
0.32715,0.66301,0.18752,0.68888,0.18783,0.67091,0.080195,0.088934
0.82715,0.99634,0.38752,0.83174,0.27874,0.74784,0.13902,0.14157
0.20215,0.001829,0.58752,0.97459,0.36965,0.82476,0.19784,0.1942
0.70215,0.33516,0.78752,0.13786,0.46056,0.90168,0.25667,0.24683
0.45215,0.6685,0.98752,0.28072,0.55147,0.97861,0.31549,0.29946
0.95215,0.11294,0.03552,0.42357,0.64237,0.061447,0.37431,0.35209
0.045898,0.44627,0.23552,0.56643,0.73328,0.13837,0.43314,0.40472
0.5459,0.77961,0.43552,0.70929,0.82419,0.21529,0.49196,0.45736
0.2959,0.22405,0.63552,0.85214,0.9151,0.29222,0.55078,0.50999
0.7959,0.55738,0.83552,0.995,0.014275,0.36914,0.60961,0.56262
0.1709,0.89072,0.07552,0.018326,0.10518,0.44606,0.66843,0.61525
0.6709,0.038866,0.27552,0.16118,0.19609,0.52299,0.72725,0.66788
0.4209,0.3722,0.47552,0.30404,0.287,0.59991,0.78608,0.72051
0.9209,0.70553,0.67552,0.4469,0.37791,0.67683,0.8449,0.77314
0.1084,0.14998,0.87552,0.58975,0.46882,0.75376,0.90372,0.82578
0.6084,0.48331,0.11552,0.73261,0.55973,0.83068,0.96255,0.87841
0.3584,0.81664,0.31552,0.87547,0.65064,0.9076,0.024832,0.93104
0.8584,0.26109,0.51552,0.038734,0.74155,0.98452,0.083656,0.98367
0.2334,0.59442,0.71552,0.18159,0.83246,0.067365,0.14248,0.039073
0.7334,0.92775,0.91552,0.32445,0.92337,0.14429,0.2013,0.091704
0.4834,0.075903,0.15552,0.46731,0.022539,0.22121,0.26013,0.14434
0.9834,0.40924,0.35552,0.61016,0.11345,0.29813,0.31895,0.19697
0.030273,0.74257,0.55552,0.75302,0.20436,0.37506,0.37777,0.2496
0.53027,0.18701,0.75552,0.89588,0.29527,0.45198,0.4366,0.30223
0.28027,0.52035,0.95552,0.059142,0.38618,0.5289,0.49542,0.35486
0.78027,0.85368,0.19552,0.202,0.47708,0.60583,0.55424,0.40749
0.15527,0.29813,0.39552,0.34486,0.56799,0.68275,0.61307,0.46013
0.65527,0.63146,0.59552,0.48771,0.6589,0.75967,0.67189,0.51276
0.40527,0.96479,0.79552,0.63057,0.74981,0.8366,0.73071,0.56539
0.90527,0.014175,0.99552,0.77343,0.84072,0.91352,0.78954,0.61802
0.092773,0.34751,0.00512,0.91628,0.93163,0.99044,0.84836,0.67065
0.59277,0.68084,0.20512,0.07955,0.030804,0.073282,0.90719,0.72328
0.34277,0.12529,0.40512,0.22241,0.12171,0.1502,0.96601,0.77591
0.84277,0.45862,0.60512,0.36526,0.21262,0.22713,0.028292,0.82855
